Income_JobSatisfaction,MonthlyIncome,DailyRate,TotalWorkingYears,YearsAtCompany,YearsInCurrentRole,YearsWithCurrManager,Age,OverTime_Yes,MaritalStatus_Single,Attrition_Yes
23972,5993,1102,8,6,4,5,41,1,1,1
10260,5130,279,10,10,7,7,49,0,0,0
6270,2090,1373,7,0,0,0,37,1,1,1
8727,2909,1392,8,8,7,0,33,1,0,0
6936,3468,591,6,2,2,2,27,0,0,0
12272,3068,1005,8,7,7,6,32,0,1,0
2670,2670,1324,12,1,0,0,59,1,0,0
8079,2693,1358,1,1,0,0,30,0,0,0
28578,9526,216,10,9,7,8,38,0,1,0
15711,5237,1299,17,7,7,7,36,0,0,0
4852,2426,809,6,5,4,3,35,0,0,0
12579,4193,153,10,9,5,8,29,1,1,0
8733,2911,670,5,5,2,3,31,0,0,0
10644,2661,1346,3,2,2,2,34,0,0,0
6084,2028,103,6,4,2,3,28,1,1,1
9980,9980,1389,10,10,9,8,29,0,0,0
6596,3298,334,7,6,2,5,32,1,0,0
11740,2935,1123,1,1,0,0,22,1,0,0
61708,15427,1219,31,25,8,7,53,0,0,0
15776,3944,371,6,3,2,2,38,1,1,0
12033,4011,673,5,4,2,3,24,0,0,0
3407,3407,1218,10,5,3,3,36,0,1,1
23988,11994,419,13,12,6,11,34,0,1,0
4928,1232,391,0,0,0,0,21,0,1,0
2960,2960,699,8,4,2,3,34,0,1,1
57282,19094,1282,26,14,13,8,53,0,0,0
3919,3919,1125,10,10,2,7,32,1,1,1
13650,6825,691,10,9,7,2,42,0,0,0
40992,10248,477,24,22,6,17,44,0,0,0
18947,18947,705,22,2,2,1,46,0,1,0
9984,2496,924,7,1,1,0,33,0,1,0
25860,6465,1459,9,4,2,3,44,1,0,0
6618,2206,125,10,10,0,8,30,0,1,0
8344,2086,895,19,1,0,0,39,0,0,1
9172,2293,813,6,2,0,0,24,1,0,1
7935,2645,1273,6,5,3,4,43,0,0,0
8049,2683,869,3,3,2,2,50,1,0,1
8056,2014,890,2,2,2,2,35,0,0,0
3419,3419,852,6,1,1,0,36,1,0,0
5376,5376,1141,10,5,3,3,33,0,0,0
7804,1951,464,1,1,0,0,35,0,0,0
2341,2341,1240,1,1,0,0,27,0,0,0
6879,2293,1357,1,1,0,1,26,0,1,1
26178,8726,994,9,9,8,7,27,0,1,0
16044,4011,721,12,12,8,7,30,0,1,0
58635,19545,1360,23,22,15,8,41,0,0,1
13704,4568,1065,10,9,5,7,34,0,1,0
6044,3022,408,8,1,0,0,37,0,0,0
23088,5772,1211,14,9,6,8,46,1,1,0
9076,2269,1229,1,1,0,1,35,0,0,0
16143,5381,626,23,1,0,0,48,1,1,1
10323,3441,1434,2,2,2,2,28,1,1,1
5454,5454,1488,9,4,3,3,44,1,0,0
9884,9884,1097,10,4,0,3,35,1,0,0
16628,4157,1443,5,2,2,0,26,1,0,0
53832,13458,515,15,15,14,12,33,1,1,0
9069,9069,853,9,9,8,8,35,0,0,0
4014,4014,1142,4,2,2,2,35,1,0,0
23660,5915,655,10,7,7,7,31,0,0,0
17979,5993,1115,7,7,5,7,37,0,0,0
24648,6162,427,9,9,8,8,32,1,0,0
9624,2406,653,10,10,3,9,38,0,1,0
56220,18740,989,29,27,3,8,50,1,0,0
7637,7637,1435,28,21,16,9,59,0,1,0
30288,10096,1223,17,17,14,8,36,0,0,0
44268,14756,836,21,5,0,2,55,1,0,0
12998,6499,1195,6,6,5,3,36,0,1,0
9724,9724,1339,25,1,0,0,45,0,0,0
2194,2194,664,5,3,2,2,35,0,0,0
10164,3388,318,2,1,0,0,36,1,0,1
16419,5473,1225,20,4,3,3,59,0,1,0
5406,2703,1328,6,5,4,4,29,0,0,0
5002,2501,1082,1,1,1,0,31,0,1,0
12440,6220,548,10,10,4,9,32,0,0,0
12152,3038,132,5,1,0,0,36,0,0,0
17696,4424,746,11,11,7,8,31,0,1,0
4312,4312,776,16,15,13,8,35,0,1,0
13245,13245,193,17,0,0,0,45,1,0,0
40992,13664,397,16,5,2,2,37,0,1,0
10042,5021,945,16,4,2,2,46,1,0,0
20504,5126,852,10,10,8,0,30,1,0,0
8577,2859,1214,6,6,4,4,35,0,1,0
40956,10239,111,24,1,0,0,55,0,0,0
21316,5329,573,17,13,11,9,38,1,0,0
8650,4325,1153,5,5,2,3,34,0,0,0
29040,7260,1400,37,6,4,2,56,0,1,0
2322,2322,541,3,0,0,0,23,0,0,0
8300,2075,432,10,4,2,3,51,0,0,0
16608,4152,288,11,11,10,8,30,0,0,0
38476,9619,669,9,9,8,7,46,0,1,1
27006,13503,530,22,22,3,11,40,0,0,0
21764,5441,632,11,10,7,0,51,1,1,0
10418,5209,1334,11,11,8,7,30,1,0,0
10673,10673,638,21,10,9,5,46,1,0,0
15030,5010,1093,12,11,8,7,32,0,1,0
40647,13549,1217,16,4,3,3,54,0,0,0
14997,4999,1353,4,3,2,2,24,0,0,0
12663,4221,120,5,5,4,4,28,0,0,0
41616,13872,682,38,37,10,8,58,0,1,0
4084,2042,489,17,3,2,2,44,0,0,0
2073,2073,807,7,3,2,2,37,1,0,1
2956,2956,827,1,1,0,0,32,0,1,0
11704,2926,871,1,1,0,0,20,1,1,1
14427,4809,665,16,16,13,10,34,0,1,0
20652,5163,1040,17,1,0,0,37,0,0,0
75376,18844,1420,30,3,2,2,59,0,0,0
36344,18172,1115,28,8,3,7,50,1,0,0
17232,5744,240,6,6,4,3,25,1,1,1
11556,2889,1280,2,2,2,1,25,0,0,0
11484,2871,534,1,0,0,0,22,0,1,0
7484,7484,1456,23,13,12,8,51,0,1,0
18222,6074,658,9,9,7,6,34,1,1,1
69312,17328,142,23,5,3,4,54,1,1,0
8322,2774,1127,6,5,3,2,24,0,0,0
9010,4505,1031,12,1,0,0,34,0,0,0
29712,7428,1189,12,5,3,3,37,0,1,0
11631,11631,1354,14,11,10,8,34,0,1,0
38952,9738,1467,10,9,7,8,36,0,0,0
11340,2835,922,7,1,0,0,36,0,0,0
67836,16959,394,25,25,12,12,43,1,0,0
7839,2613,1312,10,10,7,9,30,0,0,0
12292,6146,750,8,7,7,7,33,0,0,0
9926,4963,441,7,5,4,3,56,1,0,1
58611,19537,684,23,20,18,15,51,0,1,0
18516,6172,249,12,7,7,7,31,1,0,1
4736,2368,841,5,5,4,3,26,0,0,0
41248,10312,147,40,40,10,6,58,0,0,1
5025,1675,528,0,0,0,0,19,1,1,1
10092,2523,594,3,2,1,1,22,0,0,0
6567,6567,470,16,15,11,11,49,0,0,0
14217,4739,957,18,3,2,2,43,0,1,0
36832,9208,809,16,2,2,1,50,0,1,0
13677,4559,542,4,2,2,2,31,1,0,1
24567,8189,802,12,9,7,7,41,1,0,0
8826,2942,1355,8,8,7,7,26,0,0,0
9882,4941,216,7,3,2,1,36,0,0,0
42600,10650,1150,18,4,2,3,51,0,1,1
17706,5902,1329,17,15,11,9,39,0,0,0
25917,8639,959,6,2,2,2,25,0,0,0
25388,6347,1240,12,11,9,7,30,1,0,0
4200,4200,1033,10,5,4,4,32,0,1,1
13808,3452,1316,9,6,5,3,45,0,1,0
12951,4317,364,19,3,2,2,38,1,1,0
7896,2632,438,5,5,4,4,30,0,1,0
18672,4668,689,9,8,7,7,32,0,0,0
3204,3204,201,8,3,2,2,30,0,0,0
10880,2720,1427,6,5,3,2,30,0,1,0
17181,17181,857,21,7,6,7,41,0,0,0
2238,2238,933,7,5,0,4,41,0,0,0
2966,1483,1181,1,1,0,0,19,0,1,0
11210,5605,1395,20,20,7,13,40,0,0,0
14590,7295,662,10,10,8,6,35,0,0,0
6918,2306,1436,13,7,7,5,53,1,0,0
4696,2348,194,20,17,9,15,45,0,0,0
35992,8998,967,9,9,8,7,32,0,1,0
12957,4319,1496,10,10,7,9,29,0,0,0
18396,6132,1169,10,1,0,0,51,0,0,0
6692,3346,1145,9,1,0,0,58,1,0,0
43420,10855,630,15,12,11,11,40,0,0,0
6693,2231,303,6,4,3,2,34,0,0,0
9292,2323,1256,2,2,2,2,22,0,0,0
4048,2024,691,6,2,2,2,27,0,0,0
10852,2713,440,5,5,2,2,28,0,0,0
37756,9439,334,12,5,3,4,57,1,0,0
7698,2566,1450,1,1,1,1,27,1,0,0
39852,19926,1452,21,5,4,4,50,0,1,0
7353,2451,465,13,9,8,8,41,0,0,0
37676,9419,1339,12,10,9,4,30,0,0,0
34744,8686,702,12,8,3,7,38,0,1,0
9114,3038,120,8,5,4,4,32,0,1,0
6116,3058,1157,6,5,2,1,27,1,0,0
2325,2325,602,1,0,0,0,19,0,1,1
4176,2088,1480,13,8,7,2,36,0,1,0
3072,3072,111,12,12,9,10,30,0,0,0
5006,5006,1268,9,5,4,3,45,1,0,0
4257,4257,713,19,2,2,2,56,1,0,0
10000,2500,134,4,3,1,2,33,0,1,0
4408,1102,303,1,1,0,0,19,0,1,1
10453,10453,526,24,24,13,7,46,0,0,0
9152,2288,1380,2,2,2,1,38,0,1,0
15716,3929,140,7,4,2,2,31,1,0,0
4622,2311,629,9,3,2,2,34,0,1,0
6280,3140,1356,4,4,3,2,41,1,1,1
11070,3690,328,5,3,2,2,50,0,0,0
4450,4450,1084,5,4,2,3,53,0,0,0
5512,2756,931,8,8,7,6,33,0,0,0
57099,19033,989,21,20,8,9,40,0,0,0
37444,18722,692,36,24,15,15,55,0,1,0
28641,9547,1069,10,10,9,9,34,0,0,0
27468,13734,313,21,7,7,0,51,0,1,0
59997,19999,699,34,33,18,9,52,0,0,0
4558,2279,894,7,7,7,3,27,0,1,0
17748,5916,556,8,1,0,1,35,1,0,1
8356,2089,1344,7,5,4,2,43,0,0,0
67168,16792,1195,22,20,8,8,45,0,0,0
3564,3564,290,8,8,7,7,37,1,0,0
8850,4425,138,10,6,2,2,35,0,1,0
15795,5265,926,11,5,3,2,42,0,0,0
19659,6553,1261,14,1,0,0,38,0,0,0
25044,6261,1084,9,7,7,7,38,0,0,0
4298,4298,472,6,2,2,0,27,0,0,0
27216,6804,1002,7,7,7,7,49,1,0,0
11445,3815,878,5,5,3,0,34,1,0,0
10964,2741,905,15,7,2,7,40,1,0,0
6673,6673,1180,17,1,0,0,38,1,0,1
30556,7639,121,10,10,4,9,29,0,0,1
4656,2328,1136,4,4,2,2,22,1,0,0
8612,2153,635,8,8,1,7,36,0,1,0
19504,4876,1151,5,3,2,2,40,0,0,0
9396,9396,644,17,4,2,3,46,0,0,0
41600,10400,1045,14,14,8,8,32,0,0,1
25422,8474,829,12,11,8,8,30,0,1,0
29943,9981,1242,7,7,7,7,27,0,1,0
24980,12490,1469,16,10,9,7,51,0,0,0
2657,2657,1005,8,5,2,4,30,1,1,1
54364,13591,896,16,1,0,0,41,1,1,0
6696,6696,334,9,6,3,1,30,0,1,1
6174,2058,992,7,6,2,5,29,0,1,1
35460,8865,1052,23,19,7,8,45,0,1,0
5940,5940,1147,16,6,2,5,54,0,0,0
11828,5914,1396,16,13,11,7,36,0,1,0
5244,2622,147,7,3,2,1,33,0,0,0
48740,12185,663,10,10,8,7,37,1,0,0
31827,10609,119,17,16,10,13,38,0,0,0
13035,4345,979,6,5,4,4,31,0,0,0
8708,2177,142,7,1,0,0,59,0,0,0
11172,2793,319,13,9,8,8,37,0,0,0
31672,7918,1413,11,11,10,1,29,0,0,0
26367,8789,944,10,10,7,8,35,0,1,0
9556,2389,896,4,4,3,1,29,1,1,1
12848,3212,1323,6,2,2,2,52,0,1,0
76928,19232,532,22,22,17,15,42,0,0,0
6801,2267,818,7,2,2,2,59,0,0,0
78068,19517,854,32,7,0,6,50,0,0,0
9744,2436,813,8,5,4,4,33,1,0,1
64256,16064,1034,22,17,13,9,43,1,0,0
2707,2707,465,13,9,7,7,33,0,0,1
57204,19068,771,33,33,7,12,52,1,1,0
7862,3931,1401,6,4,3,2,32,0,0,0
11190,3730,515,4,3,2,2,32,1,1,1
6696,2232,1431,7,3,2,2,39,0,0,0
17860,4465,976,4,3,2,2,32,0,0,0
3072,3072,1411,17,1,0,0,41,0,0,0
13276,3319,1300,9,9,8,7,40,0,0,0
76808,19202,252,25,24,0,7,45,0,0,0
41025,13675,1327,9,2,2,2,31,0,0,0
11644,2911,832,2,2,2,2,33,0,0,0
5957,5957,470,13,11,9,9,34,0,0,0
3920,3920,1017,17,3,1,2,37,0,0,0
19302,6434,1199,9,3,2,2,45,0,0,0
30144,10048,504,17,1,0,0,37,0,0,1
32814,10938,505,20,19,6,8,39,0,1,0
9360,2340,665,6,6,5,5,29,0,1,0
6545,6545,916,10,3,2,2,42,1,1,0
27724,6931,1247,10,3,2,2,29,0,0,0
14694,4898,685,5,4,2,2,25,0,0,0
2593,2593,269,10,9,6,8,42,1,0,0
58308,19436,1416,22,21,7,9,40,0,0,0
10892,2723,833,1,1,0,0,51,0,0,0
6958,3479,307,6,5,4,4,31,0,1,1
5588,2794,1311,5,5,1,3,32,0,0,0
20996,5249,1327,13,8,7,5,38,0,0,0
2176,2176,128,9,6,2,4,32,0,1,0
33744,16872,488,28,7,7,7,46,1,0,0
10455,3485,529,5,0,0,0,28,0,1,1
13288,6644,1210,10,0,0,0,29,0,0,0
22328,5582,1463,10,9,0,8,31,0,0,0
4000,4000,675,6,6,3,5,25,0,0,0
53984,13496,1385,21,20,7,10,45,1,0,0
12840,3210,1403,16,15,13,11,36,0,0,0
19045,19045,452,37,36,10,13,55,1,1,0
23698,11849,666,10,10,7,9,47,1,0,1
8280,2070,1158,5,5,2,4,28,0,0,0
26008,6502,228,7,5,4,1,37,0,0,0
9690,3230,996,3,3,2,0,21,0,1,0
54412,13603,728,15,5,2,2,37,1,0,0
23992,11996,1315,10,7,7,2,35,0,0,0
5605,5605,322,8,8,0,7,38,1,0,0
12794,6397,1479,6,6,5,4,26,0,0,0
38288,19144,797,28,10,4,6,50,0,0,0
52752,17584,1070,21,5,3,3,53,1,0,0
14721,4907,635,20,20,16,6,42,0,0,0
18216,4554,442,10,10,7,9,29,0,1,0
21660,5415,147,12,10,7,8,55,1,0,0
4741,4741,496,5,5,3,3,26,1,0,0
8460,2115,1372,17,17,12,7,37,0,1,0
9483,3161,920,19,1,0,0,44,1,0,1
22980,5745,688,10,2,2,2,38,0,0,0
4746,2373,1449,5,3,2,2,26,1,0,1
13240,3310,1117,5,5,3,2,28,0,1,0
18665,18665,636,22,3,2,2,49,1,1,0
8970,4485,506,10,8,0,7,36,0,1,0
5578,2789,444,2,2,2,2,31,0,0,0
23312,5828,950,8,8,7,4,26,1,1,1
9304,2326,889,4,4,2,2,37,1,0,0
27050,13525,555,23,20,4,8,42,0,0,0
4260,1420,230,0,0,0,0,18,0,1,1
16040,8020,1232,12,11,9,9,35,0,0,0
14752,3688,566,4,1,0,0,36,0,0,0
10964,5482,1302,13,4,1,2,51,0,0,0
32030,16015,334,22,22,10,4,41,0,1,0
3600,1200,812,0,0,0,0,18,0,1,0
5661,5661,1476,9,8,3,7,28,0,1,0
27716,6929,218,10,8,7,7,31,0,0,0
38452,9613,1132,19,18,10,7,39,0,0,0
11348,5674,1105,11,9,8,8,36,0,0,0
16452,5484,906,13,13,8,8,32,0,0,0
24122,12061,849,19,10,8,1,38,0,0,0
16980,5660,390,12,5,3,2,58,1,0,0
19284,4821,691,6,5,2,3,31,1,0,0
6410,6410,106,9,2,2,0,31,0,0,0
5210,5210,1249,24,24,9,11,45,0,0,0
10780,2695,192,3,2,2,2,31,1,0,0
23756,11878,553,12,10,6,8,33,0,0,0
17068,17068,117,21,21,9,10,39,1,0,0
9820,2455,185,9,8,7,7,43,0,1,0
41892,13964,1091,25,7,1,7,49,1,1,0
9882,4941,723,11,8,2,7,52,0,0,1
4956,2478,1220,4,4,3,2,27,1,1,0
10456,5228,588,13,13,12,9,32,1,0,0
13434,4478,1377,5,5,4,4,27,1,1,0
30188,7547,691,13,7,7,7,31,0,0,0
20220,5055,1018,10,7,7,7,32,0,1,0
13856,3464,1157,5,3,2,2,28,1,0,1
23100,5775,1275,11,10,8,9,30,0,0,0
26829,8943,798,10,10,9,9,31,0,0,0
77088,19272,672,21,21,9,3,39,0,0,0
15714,5238,1162,12,1,0,0,39,1,0,1
18728,4682,508,9,7,7,1,33,0,1,0
54900,18300,1482,21,3,2,1,47,0,0,0
15771,5257,559,9,9,7,0,43,0,0,0
12698,6349,210,6,5,4,4,27,1,0,0
14607,4869,928,20,4,3,3,54,0,1,0
9985,9985,1001,10,1,0,0,43,0,0,0
14788,3697,549,12,10,9,8,45,0,0,0
29828,7457,1124,6,4,3,2,40,1,0,0
2119,2119,318,7,7,7,7,29,1,0,1
15932,3983,738,4,3,2,2,29,0,1,0
18354,6118,570,10,10,9,2,30,0,0,0
12428,6214,1130,8,8,7,7,27,0,0,0
25388,6347,1192,8,6,2,4,37,0,0,0
46040,11510,343,12,11,10,9,38,1,0,0
28572,7143,1232,11,11,9,10,31,1,1,0
16536,8268,144,7,7,7,7,29,1,0,0
16190,8095,1296,17,16,6,13,35,0,1,0
11616,2904,1309,4,4,2,2,23,0,0,0
12064,6032,483,8,5,4,2,41,1,1,0
8928,2976,1309,5,0,0,0,47,0,1,0
63968,15992,810,16,1,0,0,42,0,1,0
13947,4649,746,4,4,3,2,29,0,0,0
8088,2696,544,4,3,2,0,42,1,0,0
4740,2370,1062,8,8,0,7,32,0,0,0
37512,12504,530,15,0,0,0,48,0,0,0
5974,5974,1319,13,7,7,7,37,1,0,0
14208,4736,641,4,2,2,2,30,1,0,0
15888,5296,933,8,8,7,7,26,0,0,0
27124,6781,1332,14,1,0,0,42,0,1,0
4348,2174,756,3,3,2,2,21,1,1,1
26612,6653,845,7,1,0,0,36,0,1,0
38796,9699,541,16,13,9,12,36,0,0,0
20265,6755,593,15,3,2,2,57,0,0,0
6639,2213,1171,10,7,7,7,40,1,0,0
10440,2610,895,3,3,2,2,21,0,1,0
8553,2851,350,1,1,0,0,33,1,1,1
3452,3452,921,17,5,4,3,37,0,0,0
15774,5258,1144,7,1,0,0,46,0,0,0
18710,9355,143,8,8,7,7,41,0,1,1
41984,10496,1046,20,4,3,3,50,0,1,0
19140,6380,575,8,6,4,0,40,1,0,1
5314,2657,408,3,2,2,2,31,1,1,0
5432,2716,156,1,1,0,0,21,0,1,1
8804,2201,1283,6,3,2,2,29,0,1,0
13080,6540,755,10,1,1,0,35,0,1,0
7632,3816,1469,5,5,2,4,27,0,0,0
21012,5253,304,7,7,5,7,28,0,1,0
32895,10965,1261,26,5,2,0,49,0,1,0
19744,4936,1178,18,7,7,7,51,0,0,0
7629,2543,329,6,2,2,2,36,0,0,0
21216,5304,1362,9,5,2,4,34,1,1,1
66636,16659,1311,30,5,4,2,55,1,1,0
12780,4260,1371,5,5,2,3,24,1,0,0
4952,2476,202,1,1,0,0,30,0,0,0
3102,3102,575,7,6,4,4,26,0,1,1
4488,2244,253,2,2,1,2,22,0,0,0
22788,7596,164,10,10,9,0,36,0,0,0
9140,2285,464,3,1,0,0,30,1,1,1
3034,3034,1107,18,18,7,17,37,0,0,0
11430,5715,759,8,5,4,3,40,0,0,0
2576,2576,201,8,5,2,2,42,0,0,0
8394,4197,1305,18,1,0,1,37,1,1,0
28672,14336,982,25,25,10,9,43,0,0,0
10344,3448,555,20,1,0,0,40,0,0,0
19406,19406,821,24,4,2,2,54,0,0,0
19614,6538,1381,6,3,2,2,34,0,0,0
4306,4306,480,13,13,10,12,31,0,0,0
9032,2258,313,8,3,2,2,43,0,0,0
13566,4522,1473,8,5,2,2,43,1,0,0
17948,4487,891,5,5,4,3,25,1,1,0
13347,4449,1063,15,13,11,7,37,1,0,0
2218,2218,329,4,4,2,2,31,0,0,0
57591,19197,1218,21,21,8,6,39,1,0,0
13212,13212,906,36,7,7,7,56,0,0,0
19731,6577,1082,6,5,4,4,30,0,1,0
8392,8392,645,10,10,7,7,41,0,0,0
4558,4558,1300,10,10,0,8,28,0,0,0
4031,4031,688,6,2,2,2,25,0,0,1
23907,7969,319,28,5,4,4,52,1,0,0
10616,2654,192,8,2,2,2,45,0,0,0
66220,16555,1490,31,5,2,4,52,0,0,0
13668,4556,532,19,5,4,2,42,0,0,0
24364,6091,317,11,5,4,2,30,0,1,0
19566,19566,422,33,29,8,10,60,0,0,0
14430,4810,1485,19,10,7,8,46,0,0,0
18092,4523,1368,7,6,5,4,42,0,0,0
6404,3202,1448,6,5,3,4,24,1,1,1
7053,2351,296,3,2,2,0,34,0,0,1
6808,1702,1490,1,1,0,0,38,1,0,0
54123,18041,1398,21,20,15,12,40,0,0,0
11544,2886,1349,3,3,2,2,26,0,0,0
8388,2097,1400,9,5,3,4,30,0,0,0
35805,11935,986,10,10,2,7,29,0,0,0
5092,2546,408,6,2,2,1,29,0,0,1
10256,2564,489,1,1,0,0,19,0,1,1
8412,8412,1398,10,9,8,8,30,0,0,0
56472,14118,210,32,1,0,0,57,0,0,0
51138,17046,1099,28,27,10,7,50,0,0,0
10256,2564,1116,12,11,7,7,30,0,1,0
10266,10266,1499,22,18,13,11,60,0,0,0
20280,5070,983,20,5,0,4,47,0,0,0
53583,17861,1009,26,3,2,1,46,0,0,0
12690,4230,144,6,5,4,3,35,0,1,0
11340,3780,548,19,1,0,0,54,0,1,0
8304,2768,1303,14,7,3,7,34,0,0,0
36284,9071,1125,15,3,2,2,46,1,0,0
21296,10648,1274,13,13,8,8,31,0,0,0
40830,13610,1277,15,7,6,7,33,1,0,1
13632,3408,587,8,4,3,3,33,0,0,1
5966,2983,413,4,3,2,2,30,0,1,0
22896,7632,1276,10,8,7,0,35,1,0,0
29472,9824,534,12,1,0,0,31,0,0,1
9950,9950,988,11,3,2,2,34,1,0,1
6279,2093,1474,8,2,2,0,42,0,0,0
39920,9980,635,10,10,3,7,36,0,1,0
11682,3894,1368,4,2,2,2,22,0,1,1
16204,4051,163,14,9,7,7,48,0,0,0
33670,16835,1117,37,10,9,7,55,0,1,0
24920,6230,267,16,14,3,10,41,0,1,0
14151,4717,619,15,11,9,9,35,0,0,0
39711,13237,302,22,20,6,13,40,0,1,0
11265,3755,443,8,8,3,7,39,0,0,0
26328,6582,828,10,6,5,5,31,1,1,0
7406,7406,319,10,10,9,8,42,1,0,0
9610,4805,561,9,8,7,7,45,0,0,0
8223,2741,426,8,7,7,0,26,1,0,1
17048,4262,232,8,3,2,2,29,0,0,0
48552,16184,922,10,6,1,5,33,0,0,0
46228,11557,688,10,5,4,1,31,0,0,0
3756,1878,1306,0,0,0,0,18,1,1,1
10932,10932,1094,20,1,0,1,40,0,0,0
20433,6811,509,10,8,7,7,41,1,1,0
12918,4306,775,8,0,0,0,26,0,0,0
14577,4859,195,5,5,4,3,35,0,1,0
21348,5337,258,10,10,7,7,34,0,1,0
9360,2340,471,1,1,0,0,26,1,1,1
29964,7491,799,12,6,5,2,37,0,1,0
31581,10527,1034,28,2,2,2,46,0,0,0
16595,16595,1276,22,18,16,8,41,0,0,0
17668,8834,142,9,9,5,7,37,0,0,0
5577,5577,956,18,10,9,9,52,1,0,0
14121,4707,1474,6,4,2,2,32,0,0,1
9600,2400,535,3,2,2,1,24,0,0,0
29472,9824,1495,18,1,0,0,38,0,0,0
12894,6447,446,8,6,5,3,37,0,0,0
58506,19502,1245,31,31,9,9,49,1,0,0
10900,2725,691,6,6,5,4,24,1,0,0
12544,6272,703,6,5,3,4,26,0,0,0
4254,2127,823,1,1,0,0,24,0,0,0
36400,18200,1246,32,32,5,7,50,0,0,0
6288,2096,622,7,7,4,6,25,0,0,0
8658,2886,1287,6,6,3,2,24,1,0,1
2033,2033,448,1,1,0,0,30,0,0,1
14488,3622,254,6,6,5,3,34,1,0,0
4233,4233,1365,9,3,1,2,31,0,0,1
14724,3681,538,9,3,2,2,35,0,1,0
21840,5460,525,13,7,7,7,31,0,0,0
6561,2187,798,6,5,3,3,27,0,0,0
28806,9602,558,17,3,0,0,37,1,0,0
5672,2836,959,1,1,0,0,20,0,1,0
16356,4089,622,10,10,2,2,42,0,0,0
66508,16627,782,21,1,0,0,43,1,0,0
2619,2619,362,8,0,0,0,38,0,1,0
17037,5679,1001,10,8,7,7,43,1,0,0
15402,15402,1236,21,3,2,2,48,0,0,0
17955,5985,1112,10,2,2,2,44,0,1,0
7737,2579,204,8,8,2,6,34,1,0,0
3041,3041,1420,5,4,3,2,27,0,0,1
10341,3447,1343,3,3,2,2,21,0,1,0
78052,19513,1315,26,2,2,1,44,1,0,0
8319,2773,604,3,2,2,2,22,0,0,0
21312,7104,1216,6,5,0,2,33,0,0,0
25288,6322,646,6,6,4,5,32,1,0,0
6249,2083,160,1,1,0,0,30,0,0,0
8381,8381,238,18,14,7,10,53,0,1,0
10764,2691,1397,10,10,9,8,34,0,0,0
4286,4286,306,5,1,1,0,45,0,0,1
10636,2659,991,3,3,2,2,26,1,0,0
28302,9434,482,10,10,7,8,37,0,0,0
16683,5561,1176,6,6,0,2,29,0,0,0
26584,6646,1017,17,17,11,8,35,0,1,0
30900,7725,1296,15,13,11,7,33,0,0,0
21450,10725,397,16,9,7,1,54,0,0,0
17694,8847,913,13,3,2,2,36,1,0,0
8180,2045,1115,5,4,2,1,27,0,1,0
3027,1009,1362,1,1,0,1,20,1,1,1
3348,3348,1076,10,10,8,7,33,1,1,1
3843,1281,727,1,1,0,0,35,0,0,0
2819,2819,885,5,3,2,2,23,0,0,0
9702,4851,810,4,3,2,2,25,0,0,0
16112,4028,243,8,7,7,5,38,0,1,0
10880,2720,806,10,10,7,8,29,0,0,0
16240,8120,817,12,2,2,2,48,0,0,0
18588,4647,1410,6,6,5,4,27,1,0,0
18720,4680,1225,4,1,0,0,37,0,1,0
9663,3221,1207,20,20,8,8,50,1,0,0
17242,8621,1442,9,8,7,7,34,0,1,0
13731,4577,693,4,2,2,0,24,0,1,1
13659,4553,408,20,20,7,10,39,0,1,0
21584,5396,929,10,10,7,8,32,0,1,0
20388,6796,562,18,4,3,3,50,1,0,1
30500,7625,827,10,9,7,8,38,0,1,0
7412,7412,608,9,9,7,7,27,0,0,0
44636,11159,1018,10,7,7,7,32,0,1,0
4960,4960,703,20,7,7,7,47,0,1,0
10475,10475,580,20,18,13,12,40,1,0,0
44442,14814,970,32,5,1,3,53,0,0,0
76564,19141,427,23,21,6,6,41,0,0,0
5405,5405,1179,10,2,2,2,60,0,1,0
8793,8793,294,9,9,7,7,27,0,0,0
57567,19189,314,22,22,7,10,41,0,0,0
7750,3875,316,4,2,2,2,50,0,0,0
4432,2216,654,10,7,7,7,28,1,1,1
11713,11713,427,10,8,7,5,36,0,0,0
23583,7861,168,10,1,0,0,38,1,1,0
11124,3708,381,9,5,2,4,44,0,1,0
41310,13770,217,28,22,2,13,47,1,0,0
21216,5304,501,10,8,7,7,30,0,0,0
7926,2642,1396,1,1,0,0,29,0,1,0
8277,2759,933,7,2,2,2,42,1,0,1
27216,6804,775,7,2,2,2,43,0,0,0
18426,6142,970,10,5,1,3,34,0,1,0
2500,2500,650,5,4,3,2,23,0,0,0
12778,6389,141,12,8,3,6,39,0,0,0
44412,11103,832,30,10,7,1,56,0,0,0
9368,2342,804,5,4,2,3,40,1,1,0
6811,6811,975,9,7,6,7,27,0,1,0
4594,2297,1090,2,2,2,2,29,0,0,0
9800,2450,346,19,2,2,2,53,0,1,0
5093,5093,1225,16,1,0,0,35,0,0,0
21236,5309,430,10,10,8,7,32,0,0,0
9171,3057,268,6,1,0,1,38,1,0,0
5121,5121,167,7,0,0,0,34,0,0,0
16856,16856,621,34,34,6,16,52,0,0,0
10744,2686,527,10,10,9,8,33,1,1,1
24720,6180,883,6,6,5,4,25,0,1,0
19896,6632,954,9,8,7,1,45,0,1,0
10515,3505,310,2,2,2,2,23,0,1,0
19191,6397,719,8,5,4,3,47,1,1,1
25096,6274,304,6,6,5,4,34,0,1,0
19859,19859,725,24,5,2,4,55,1,0,1
7587,7587,1434,10,10,7,9,36,0,1,0
17032,4258,715,5,4,3,2,52,0,0,0
17456,4364,575,5,2,2,0,26,0,0,0
13005,4335,657,11,8,7,1,29,0,0,0
5326,5326,1146,6,4,3,2,26,0,1,1
13120,3280,182,10,4,2,3,34,0,1,0
5485,5485,376,9,5,3,4,54,1,0,0
17368,4342,829,5,4,2,1,27,0,0,0
2782,2782,571,6,5,3,3,37,1,0,0
5980,5980,240,17,15,7,12,38,1,1,0
4381,4381,121,6,6,5,3,34,0,1,0
10288,2572,384,3,3,2,2,35,0,0,0
11499,3833,921,7,2,2,2,30,0,0,0
8488,4244,791,8,8,7,7,40,0,0,0
6500,6500,1111,6,3,2,2,34,0,0,0
73720,18430,570,24,24,7,9,42,0,0,0
1601,1601,1243,1,0,0,0,23,1,0,1
5388,2694,1092,1,1,0,0,24,0,0,0
9447,3149,1325,9,5,2,4,52,0,0,0
52917,17639,691,30,4,3,3,50,0,0,0
2319,2319,805,1,1,0,0,29,1,0,1
35073,11691,213,14,13,9,7,33,0,0,0
5324,5324,118,6,3,2,2,33,0,1,1
67008,16752,202,26,26,14,0,47,1,0,0
10456,5228,676,10,9,7,5,36,0,0,0
8100,2700,1252,10,10,7,7,29,0,0,0
38492,19246,286,40,31,15,8,58,1,1,1
7518,2506,1258,7,2,2,2,35,0,1,0
24248,6062,932,8,4,3,2,42,1,0,0
13146,4382,890,5,2,2,1,28,0,1,1
4286,2143,1041,8,5,2,4,36,0,0,0
18486,6162,859,14,14,13,8,32,0,0,0
15282,5094,720,10,1,0,0,40,0,1,0
27508,6877,946,12,0,0,0,30,1,1,0
6822,2274,252,1,1,0,0,45,0,1,0
8868,4434,933,10,9,8,8,42,0,0,0
6288,6288,471,13,4,3,2,38,0,0,0
10212,2553,702,6,5,2,3,34,0,1,0
30616,7654,1184,9,9,8,7,49,0,0,1
20640,5160,436,12,9,7,3,55,0,1,1
17159,17159,589,22,4,1,0,43,0,0,0
51232,12808,269,9,9,8,8,27,1,0,0
30663,10221,950,17,8,5,6,35,0,1,0
9558,4779,760,8,8,7,5,28,1,0,0
14948,3737,829,4,3,2,2,34,0,0,0
7098,2366,887,8,8,7,7,26,1,0,1
6824,1706,443,0,0,0,0,27,0,0,0
48921,16307,1318,29,20,6,17,51,0,0,0
11866,5933,625,10,5,2,3,44,0,1,0
3424,3424,180,6,4,3,1,25,0,1,0
4037,4037,586,9,9,8,8,33,0,0,0
2559,2559,1343,6,6,5,1,35,0,1,0
24804,6201,928,18,18,14,11,36,1,0,0
17612,4403,117,8,5,2,3,32,0,0,0
15044,3761,1012,10,5,4,3,30,0,0,0
43736,10934,661,35,5,2,4,53,1,0,0
10761,10761,930,18,5,4,2,45,1,0,0
15525,5175,638,9,5,3,3,32,0,0,0
55304,13826,890,31,9,8,0,52,0,0,0
19002,6334,342,9,1,0,0,37,0,0,0
19744,4936,1169,6,5,1,4,28,0,0,0
19100,4775,1230,4,2,2,2,22,0,0,0
11272,2818,986,10,3,2,2,44,1,0,0
10060,2515,1271,8,2,1,2,42,1,1,0
2342,2342,1278,6,5,4,3,36,0,0,0
4194,4194,141,5,5,3,3,25,1,0,0
32055,10685,607,17,17,14,15,35,1,0,0
4044,2022,130,10,10,2,8,35,1,0,1
9256,2314,300,4,3,0,2,32,0,0,0
4256,4256,583,5,5,2,3,25,0,0,0
3580,3580,1418,7,4,2,2,49,0,0,0
12648,3162,1269,6,5,2,4,24,0,0,0
13048,6524,379,10,10,8,3,32,0,0,0
5798,2899,395,3,2,2,2,38,0,0,0
20924,5231,1265,17,5,3,3,42,1,0,0
9424,2356,1222,8,6,4,2,31,1,0,0
8400,2800,341,5,3,2,2,29,1,0,1
47344,11836,868,28,2,0,2,53,0,0,0
21806,10903,672,16,13,10,8,35,0,0,0
11892,2973,1231,10,5,4,0,37,0,0,0
57100,14275,102,33,12,9,8,53,0,1,0
22248,5562,422,12,5,2,2,43,0,0,0
18148,4537,249,8,7,6,7,47,1,0,0
15284,7642,1252,10,10,0,9,37,1,1,0
17924,17924,881,31,31,6,7,50,0,0,0
20816,5204,1383,13,5,4,4,39,0,0,0
4554,2277,1075,7,4,3,3,33,1,0,0
11180,2795,374,1,1,0,1,32,1,1,1
10128,2532,1086,8,4,3,3,29,0,0,0
2559,2559,661,8,8,7,1,44,1,0,0
19632,4908,821,4,4,2,2,28,0,1,0
9520,2380,781,3,1,0,0,58,1,0,1
9530,4765,177,4,1,0,0,43,0,0,0
6132,2044,500,2,2,2,2,20,0,1,1
10772,2693,1427,1,1,0,0,21,0,1,1
26344,6586,1425,17,16,8,11,36,1,0,0
13176,3294,1454,3,3,2,2,47,1,1,0
12513,4171,617,4,3,2,2,22,1,0,1
11112,2778,1085,10,7,7,0,41,1,0,1
7131,2377,995,6,2,2,2,28,0,0,0
2404,2404,1122,8,2,2,2,39,1,0,1
6954,2318,618,1,1,1,0,27,0,1,0
4016,2008,546,1,1,0,0,34,0,0,0
18732,6244,462,10,5,4,3,42,0,1,0
2799,2799,1198,6,3,2,2,33,1,1,0
21104,10552,1272,24,6,0,4,58,1,0,0
6987,2329,154,13,7,7,2,31,0,0,0
16056,4014,1137,10,10,6,7,35,1,0,0
14806,7403,527,29,26,9,7,49,0,0,0
6777,2259,1469,13,0,0,0,48,0,0,0
20796,6932,1188,9,9,8,0,31,0,0,0
18712,4678,188,8,6,2,1,36,0,1,0
13582,13582,1333,15,15,12,11,38,0,0,0
4664,2332,1184,5,3,0,2,32,0,0,0
4826,2413,867,1,1,0,0,25,1,0,1
19410,9705,658,11,1,0,0,40,0,0,0
4294,4294,1283,7,7,7,7,26,0,1,0
4721,4721,263,20,18,13,17,41,1,1,0
7557,2519,938,16,11,8,9,36,0,1,0
4242,2121,419,1,1,0,0,19,1,1,1
2973,2973,129,1,1,0,0,20,0,1,1
23420,5855,616,10,9,7,5,31,1,0,0
7234,3617,1469,3,1,1,0,40,1,0,0
6725,6725,498,8,8,7,3,32,0,0,0
41300,10325,530,16,16,7,7,36,1,0,1
27796,6949,1069,6,5,0,4,33,0,1,0
31827,10609,625,17,14,1,7,37,0,0,1
8894,4447,805,9,9,7,8,45,0,0,0
8628,2157,1404,3,3,1,2,29,0,0,0
13803,4601,1219,5,5,2,0,35,0,0,0
68396,17099,1053,26,9,8,8,52,0,0,0
7437,2479,289,7,1,0,0,58,0,1,1
44556,14852,1376,22,17,13,2,53,0,0,0
21792,7264,231,10,8,4,7,30,0,0,0
22664,5666,152,6,5,3,3,38,1,1,0
31292,7823,882,12,10,9,8,35,0,0,0
23640,7880,903,9,8,7,7,39,0,1,0
26388,13194,1479,22,1,0,0,40,1,1,1
15201,5067,1379,20,19,10,7,47,1,0,0
20316,5079,1229,12,7,7,7,36,0,0,0
2321,2321,335,4,3,2,2,31,1,1,1
52332,17444,722,10,10,8,0,33,0,1,0
2404,2404,906,3,0,0,0,29,1,1,1
13808,3452,461,5,3,2,2,33,0,1,0
9080,2270,974,8,5,3,2,45,0,0,0
69596,17399,1126,32,5,4,3,50,0,0,0
10976,5488,827,6,6,5,2,33,1,0,0
58257,19419,840,21,18,16,11,41,0,0,0
5622,2811,1134,4,2,2,2,27,0,0,0
3633,3633,248,9,9,8,8,45,1,0,0
16652,4163,955,9,9,0,7,47,1,1,0
6396,2132,138,7,5,2,1,30,1,0,1
41919,13973,939,22,12,11,5,50,1,0,0
8052,2684,1391,3,2,1,2,38,0,0,0
32535,10845,566,13,8,7,7,46,0,0,0
13131,4377,1206,5,4,2,2,24,0,0,0
7486,3743,622,5,4,2,2,35,1,0,1
4148,4148,853,4,4,3,3,31,0,0,0
4204,1051,287,0,0,0,0,18,0,1,0
32217,10739,1441,22,10,7,8,54,0,0,0
31164,10388,583,16,16,10,1,35,1,0,0
11416,11416,153,9,8,7,7,30,1,0,0
2600,2600,1097,1,1,0,0,20,1,1,1
4844,2422,109,4,3,2,2,30,0,1,1
21888,5472,1066,8,8,7,3,26,0,0,0
2451,2451,217,4,4,3,1,22,0,0,0
12720,4240,277,19,2,2,2,48,0,1,0
32997,10999,1355,27,15,11,8,48,0,1,0
15009,5003,549,8,2,2,1,41,0,1,0
50968,12742,466,21,21,6,8,39,0,0,0
16908,4227,1055,4,3,2,2,27,0,0,0
15668,3917,802,3,3,2,2,35,0,0,0
54909,18303,265,21,1,0,0,42,0,0,0
9520,2380,804,8,1,0,0,50,0,0,0
54904,13726,715,30,5,3,3,59,1,1,0
9554,4777,1141,15,1,0,0,37,0,0,1
12770,6385,135,17,8,7,7,55,1,0,0
59919,19973,247,21,21,16,10,41,0,0,0
27444,6861,1035,19,1,0,0,38,1,1,0
4969,4969,265,7,2,2,2,26,0,1,1
79380,19845,266,33,32,14,9,52,0,0,1
53280,13320,1448,23,12,11,11,44,1,0,0
19041,6347,145,19,18,7,13,50,0,0,0
2743,2743,885,18,17,13,14,36,0,1,1
10880,10880,945,21,21,6,8,39,1,1,0
9368,2342,1038,3,2,2,2,33,0,1,0
70600,17650,1234,26,9,3,1,45,0,0,0
12075,4025,1109,10,8,7,7,32,0,1,0
38900,9725,216,16,15,1,9,34,0,0,0
47616,11904,1089,14,6,4,4,59,1,0,0
4354,2177,788,6,6,3,4,45,0,1,0
15050,7525,124,30,15,7,12,53,0,0,0
14502,4834,660,9,1,0,0,36,0,0,1
2042,2042,342,6,3,2,2,26,1,0,1
6660,2220,1333,1,1,1,0,34,1,0,0
2104,1052,1144,1,1,0,0,28,0,0,0
8463,2821,1186,8,2,2,2,38,0,0,0
57711,19237,1464,29,8,1,7,50,1,0,0
8214,4107,124,8,4,3,1,37,0,1,0
8396,8396,300,8,7,7,5,40,0,0,0
6021,2007,921,5,5,3,3,26,0,0,0
78508,19627,430,23,2,2,2,46,0,0,0
32058,10686,1082,13,9,4,0,54,0,0,0
8826,2942,1240,18,5,4,3,56,0,0,0
35432,8858,796,15,14,8,8,36,0,1,0
16756,16756,444,31,9,7,2,55,0,1,0
43192,10798,415,18,1,0,0,43,0,0,0
9292,2323,769,2,2,2,2,20,1,1,1
1416,1416,1334,1,1,0,0,21,0,1,1
4615,4615,1003,19,16,13,7,46,1,0,0
7383,2461,1323,18,10,0,7,51,1,0,1
8722,8722,1366,10,10,7,9,28,0,1,1
3955,3955,192,6,5,3,3,26,0,0,0
9957,9957,1176,7,6,2,2,30,0,0,0
10128,3376,509,10,10,6,8,41,0,0,0
26469,8823,330,20,19,9,9,38,0,0,0
41288,10322,1492,14,11,10,1,40,0,0,0
13863,4621,1277,3,3,2,2,27,0,0,0
21952,10976,1091,23,3,2,2,55,0,0,0
10980,3660,857,10,8,7,7,28,0,1,0
10482,10482,1376,24,20,6,6,44,0,0,1
28476,7119,654,9,3,2,2,33,0,0,0
9582,9582,1204,9,8,7,7,35,1,1,1
13524,4508,827,14,13,7,8,33,0,1,1
6621,2207,895,4,4,2,2,28,0,0,0
31024,7756,618,7,6,2,4,34,0,1,0
26776,6694,309,8,1,0,0,37,1,0,0
14764,3691,1219,7,7,7,6,25,1,0,1
7131,2377,1330,1,1,1,0,26,0,0,1
4626,2313,1017,5,2,2,2,33,1,1,1
17665,17665,469,23,22,6,7,42,0,0,0
5192,2596,1009,1,1,0,0,28,0,0,1
14184,4728,959,5,0,0,0,50,1,1,1
8604,4302,970,4,3,2,2,33,0,0,0
11916,2979,697,6,0,0,0,34,0,0,0
67540,16885,1262,27,5,4,1,48,0,1,0
16779,5593,1050,15,15,10,12,45,0,0,0
20890,10445,994,18,8,6,0,52,0,1,0
26220,8740,770,9,8,7,7,38,1,0,0
10056,2514,1107,11,7,5,7,29,0,0,0
15310,7655,950,10,9,7,7,28,0,0,0
52395,17465,406,23,12,9,9,46,0,0,0
14702,7351,130,10,1,0,0,38,0,1,0
10820,10820,1082,18,8,7,1,43,0,0,0
48676,12169,203,21,18,7,5,39,0,0,1
58878,19626,1308,21,20,7,9,40,0,1,0
4140,2070,984,2,2,2,2,21,1,1,0
13564,6782,439,9,5,4,3,39,0,1,0
31116,7779,217,18,11,9,9,36,0,1,0
11164,2791,793,3,2,2,2,31,0,0,0
6402,3201,1451,6,5,3,4,28,0,0,0
19872,4968,1182,5,5,2,2,35,0,0,0
26240,13120,174,22,9,8,3,49,0,0,0
12099,4033,1003,5,3,2,2,34,0,1,0
6582,3291,490,8,7,5,1,29,0,0,0
17088,4272,188,16,1,0,0,42,0,1,0
20224,5056,718,10,10,7,2,29,1,0,0
8532,2844,433,7,7,6,0,38,0,0,0
8109,2703,773,3,3,1,2,28,1,0,0
5712,1904,247,0,0,0,0,18,0,1,1
8224,8224,603,6,5,2,3,33,1,1,1
19064,4766,167,6,1,0,0,41,1,0,0
7830,2610,874,2,2,2,2,31,0,0,1
22924,5731,367,9,6,2,3,37,0,0,0
7617,2539,199,4,4,2,2,27,0,0,0
17142,5714,1400,6,6,5,3,34,0,0,0
12969,4323,528,6,5,4,4,35,0,1,0
7336,7336,408,11,11,8,10,29,0,0,1
40497,13499,593,20,18,7,13,40,0,1,0
13758,13758,481,22,21,9,14,42,1,1,1
5155,5155,647,9,6,4,5,42,0,1,0
6774,2258,982,10,8,0,7,35,0,0,0
7194,3597,477,6,4,3,2,24,0,1,0
10060,2515,1485,1,1,1,0,28,1,0,1
17680,4420,1384,8,8,7,7,26,0,0,0
19734,6578,852,10,10,3,4,30,0,0,0
17688,4422,902,16,1,1,0,40,1,0,0
20548,10274,819,15,7,7,4,35,0,0,0
5343,5343,669,14,13,9,9,34,0,1,0
9504,2376,636,2,2,2,2,35,0,0,0
16038,5346,1372,7,4,3,3,43,0,1,1
2827,2827,862,1,1,0,0,32,0,0,0
19943,19943,718,28,5,2,2,56,0,0,0
12524,3131,1401,10,10,8,8,29,0,0,0
2552,2552,645,1,1,1,0,19,0,1,0
13431,4477,1457,7,3,2,2,45,1,0,0
25896,6474,977,14,14,8,11,37,0,0,0
9099,3033,805,2,2,2,2,20,0,1,0
8808,2936,1097,6,6,4,2,44,1,1,1
55818,18606,1223,26,7,7,7,53,0,0,0
8672,2168,942,6,5,4,3,29,1,0,0
11412,2853,1256,1,0,0,0,22,1,0,1
17048,17048,1402,28,26,15,9,46,0,0,0
6870,2290,111,6,0,0,0,44,0,1,0
10800,3600,147,5,5,4,4,33,0,0,0
2107,2107,906,5,1,0,0,41,0,0,1
4115,4115,1329,8,4,3,3,30,0,0,0
8654,4327,1184,5,0,0,0,40,0,0,0
17856,17856,1421,32,2,2,2,50,0,0,0
3196,3196,1179,6,6,5,3,28,0,0,0
38162,19081,1450,25,4,2,3,46,0,0,0
8966,8966,1361,15,7,7,7,35,1,0,0
4420,2210,984,1,1,0,0,24,0,0,1
13617,4539,1146,10,10,7,1,33,0,0,0
8223,2741,917,7,7,7,7,36,0,0,0
10473,3491,853,10,10,7,9,30,0,0,0
18164,4541,200,20,20,11,17,44,0,1,0
10712,2678,654,2,2,1,2,20,0,1,0
29516,7379,150,12,6,3,4,46,0,0,0
6272,6272,179,10,4,3,3,42,0,0,0
20880,5220,696,12,11,7,9,60,1,0,0
5486,2743,116,2,2,2,2,32,0,0,0
14994,4998,1316,10,8,7,7,32,1,1,0
10252,10252,363,17,7,7,7,36,1,0,0
11124,2781,117,15,14,10,10,33,0,0,0
13704,6852,107,7,5,1,3,40,0,0,0
19800,4950,1356,5,4,3,1,25,0,1,0
7158,3579,1465,12,11,9,7,30,1,0,0
13191,13191,458,20,1,0,0,42,1,0,0
41508,10377,1212,16,13,2,12,35,1,0,0
2235,2235,1103,9,9,7,8,27,1,0,0
31506,10502,966,33,5,4,4,54,0,0,0
8044,2011,1117,10,10,5,7,44,0,0,0
3718,1859,504,1,1,1,0,19,1,1,1
15040,3760,1010,3,3,2,2,29,0,0,0
71116,17779,685,36,10,9,9,54,0,0,0
6833,6833,1332,6,6,5,1,31,1,0,0
6812,6812,1062,10,10,9,8,31,0,1,0
20684,5171,326,13,6,1,5,59,0,1,0
78960,19740,920,25,8,7,7,43,0,0,0
56133,18711,1098,23,1,0,0,49,0,0,0
7384,3692,469,12,11,10,7,36,0,0,0
5118,2559,969,7,1,0,0,48,0,1,0
7551,2517,1167,5,5,3,3,27,0,0,0
26492,6623,1329,6,6,0,0,29,1,0,0
73060,18265,715,25,1,0,0,48,0,1,0
64496,16124,694,9,7,7,7,29,0,0,0
7755,2585,1320,2,1,0,0,34,0,0,0
36426,18213,1099,26,22,9,10,44,0,0,0
25140,8380,536,10,9,8,8,33,1,0,0
11976,2994,265,1,1,0,1,19,1,1,0
3669,1223,373,1,1,0,1,23,0,0,0
4472,1118,599,1,1,0,0,25,1,1,1
11500,2875,583,8,8,5,2,26,1,1,0
37648,18824,1449,26,24,10,11,45,1,1,1
27154,13577,177,34,33,9,0,55,1,0,0
7875,2625,251,2,2,2,2,21,0,1,1
37578,18789,168,26,11,4,8,46,0,0,0
4538,4538,131,4,3,2,2,34,1,1,0
39694,19847,237,31,29,10,10,51,1,0,0
42048,10512,1429,25,9,7,4,59,0,1,0
8888,4444,135,15,11,8,10,34,0,0,0
6462,2154,791,5,4,2,2,28,1,1,0
19190,19190,1199,26,25,9,13,44,0,0,0
8980,4490,648,14,10,9,8,34,0,0,0
10518,3506,735,4,3,2,2,35,1,0,0
4744,2372,603,18,1,0,0,42,1,0,0
40924,10231,531,23,21,7,17,43,0,1,0
10820,5410,429,18,16,14,12,36,1,1,0
31912,7978,621,10,10,7,5,44,0,0,1
15468,3867,193,2,2,2,2,28,1,0,0
8514,2838,968,8,7,0,7,51,0,1,0
14085,4695,879,10,8,4,7,30,1,1,0
10017,3339,806,10,7,7,7,29,1,0,1
2080,2080,640,5,3,2,2,28,0,1,0
4192,2096,266,2,2,2,1,25,0,1,0
24836,6209,604,10,10,7,8,32,0,0,0
36122,18061,364,22,0,0,0,45,0,1,0
34246,17123,412,21,19,9,2,39,1,0,0
7116,2372,848,2,2,2,2,58,0,0,0
14649,4883,1089,10,10,4,1,32,0,0,1
3904,3904,360,6,5,2,3,39,0,1,1
18508,4627,1138,10,9,2,7,30,0,0,0
21282,7094,325,10,7,7,7,36,0,0,0
3423,3423,991,10,7,6,7,46,0,1,0
26696,6674,1476,10,9,8,5,28,0,0,0
16880,16880,1322,25,3,2,2,50,1,0,0
18188,9094,299,9,5,4,0,40,1,1,1
16892,8446,1030,10,8,7,7,52,1,1,1
11916,11916,634,9,9,1,8,30,1,0,0
13602,4534,524,9,8,7,7,39,0,1,0
29556,9852,587,10,10,8,6,31,1,0,0
12302,6151,256,19,19,2,9,41,0,1,0
4604,2302,1060,3,3,2,2,31,1,1,1
2362,2362,935,10,3,2,2,44,0,0,1
53583,17861,495,21,20,8,10,42,1,0,0
57561,19187,282,23,19,9,11,55,0,0,0
39434,19717,206,36,7,3,7,56,0,1,0
10632,3544,458,6,4,2,0,40,0,0,0
34000,8500,943,10,9,7,6,34,0,0,0
18644,4661,523,9,9,8,8,40,0,1,0
4103,4103,1018,10,9,3,7,41,0,0,0
12747,4249,482,9,9,6,1,35,1,1,0
28052,14026,770,33,33,9,10,51,1,0,0
6893,6893,1009,11,7,7,7,38,0,0,0
6125,6125,507,10,10,8,6,34,0,1,0
14676,3669,882,7,3,2,2,25,0,0,0
10008,10008,601,31,10,9,9,58,1,0,1
4774,2387,329,7,4,2,3,40,0,0,0
4639,4639,607,17,15,7,13,36,0,0,0
31592,7898,855,11,10,9,8,48,0,1,0
10136,2534,1291,5,1,0,0,27,0,0,0
26284,13142,1405,29,5,2,3,51,0,1,0
6444,1611,1124,0,0,0,0,18,0,1,0
21452,5363,817,10,9,7,0,35,0,0,0
20284,5071,793,8,6,2,0,27,0,1,0
41085,13695,267,24,19,7,8,55,1,1,1
26804,13402,1369,33,19,16,9,56,1,0,0
6087,2029,999,5,5,4,0,34,0,0,0
19131,6377,1202,15,12,11,8,40,0,0,0
16287,5429,285,10,8,7,7,34,0,0,0
11140,2785,703,3,1,0,0,31,0,1,1
13842,4614,662,5,4,2,2,35,1,0,1
7830,2610,693,4,4,2,3,38,0,0,0
26748,6687,404,14,14,11,11,34,0,1,0
4724,4724,736,5,5,3,4,28,0,0,0
18537,6179,330,10,10,2,7,31,1,0,1
24480,6120,1498,8,5,4,4,39,1,0,0
21192,10596,541,14,4,2,2,51,0,0,0
21868,5467,1200,12,6,2,3,41,1,0,0
8988,2996,1439,8,6,4,3,37,1,0,0
39992,9998,1111,8,5,4,2,33,0,0,0
8156,4078,499,4,3,2,2,32,1,0,0
32760,10920,1485,13,6,4,5,39,0,0,0
18696,6232,1372,6,3,2,2,25,0,0,0
39741,13247,322,24,5,3,2,52,1,0,0
12243,4081,930,20,20,7,8,43,1,1,0
23076,5769,205,6,6,2,4,27,1,0,0
7182,2394,135,8,8,2,7,27,1,1,1
15616,3904,683,5,4,3,1,26,0,1,0
16799,16799,1147,21,20,7,9,42,0,0,0
2950,2950,258,12,5,4,4,52,0,0,0
10887,3629,1462,8,3,2,2,37,0,1,0
37448,9362,200,10,2,2,2,35,0,1,0
12916,3229,949,7,3,2,2,25,0,0,0
3578,3578,652,8,7,7,7,26,0,1,0
7988,7988,332,10,10,9,9,29,0,1,0
4284,4284,1475,20,4,3,3,49,0,1,1
30212,7553,337,9,8,7,7,29,1,1,1
69312,17328,971,29,20,7,7,54,0,1,0
19701,19701,1055,32,9,8,5,58,1,0,0
58928,14732,1136,31,7,7,0,55,0,0,0
18556,9278,1174,15,5,4,1,36,1,1,0
4077,1359,667,1,1,0,0,31,0,1,1
4779,4779,855,8,3,2,2,30,0,0,0
32844,16422,182,9,3,2,0,31,0,1,0
2996,2996,560,10,4,3,3,34,0,0,0
2522,1261,202,1,1,0,0,31,0,1,1
2099,2099,1377,6,5,0,4,27,0,0,0
23240,5810,172,10,10,4,8,36,0,1,0
5647,5647,329,11,3,2,2,36,0,0,0
13680,3420,465,17,6,5,2,47,0,0,0
4400,4400,383,6,3,2,2,25,0,0,1
10500,3500,1413,7,6,5,3,37,0,1,0
2066,2066,1255,5,3,2,0,56,0,0,0
51507,17169,359,26,20,17,6,47,0,0,0
12486,4162,1476,5,5,4,3,24,1,0,0
36816,9204,601,7,4,3,3,32,0,0,0
6588,3294,401,7,5,4,2,34,0,0,0
6381,2127,1283,7,4,2,3,41,1,0,0
11925,3975,663,11,8,7,7,40,0,0,0
43172,10793,326,13,13,7,9,31,0,0,0
40384,10096,377,28,7,7,3,46,0,0,1
3646,3646,592,11,1,0,0,39,1,1,1
14892,7446,1445,10,10,8,7,31,0,1,1
10851,10851,1038,24,7,7,7,45,1,0,0
4218,2109,1398,8,3,2,2,31,0,1,0
14888,3722,523,7,2,2,2,31,1,0,1
37520,9380,1448,10,3,1,2,45,1,0,0
5486,5486,1221,15,2,2,2,48,0,0,0
8226,2742,1107,2,2,2,2,34,0,0,1
27514,13757,218,16,9,8,8,40,0,0,0
8463,8463,866,6,5,4,3,28,0,1,0
9486,3162,981,7,5,2,3,44,0,1,0
33196,16598,447,35,9,8,8,53,0,1,0
19953,6651,1495,20,3,2,2,49,0,0,0
7035,2345,896,8,3,1,2,40,0,0,0
6840,3420,1467,6,5,2,3,44,0,1,0
4373,4373,430,5,4,3,3,33,0,0,0
4759,4759,1326,15,13,9,12,34,0,1,0
15903,5301,1358,4,2,1,2,30,0,0,0
14692,3673,748,12,12,9,8,42,0,1,0
14304,4768,383,11,1,0,0,44,0,0,0
3822,1274,990,1,1,0,0,30,0,0,0
14700,4900,405,13,12,9,8,57,0,0,0
20932,10466,1490,29,8,7,7,49,0,0,0
17007,17007,829,16,14,8,9,34,0,0,0
8727,2909,1496,5,3,2,2,28,0,0,1
11530,5765,115,7,5,3,0,29,0,1,1
9198,4599,790,16,15,9,10,34,1,1,1
7212,2404,660,1,1,0,0,35,0,0,0
3172,3172,381,4,0,0,0,24,1,1,1
4066,2033,830,1,1,0,0,24,0,0,0
30627,10209,1193,16,2,2,2,44,1,1,0
25860,8620,1246,10,10,7,4,29,0,0,0
6192,2064,330,6,5,3,3,30,0,0,0
12105,4035,1229,4,3,2,2,55,1,0,0
7676,3838,1099,8,5,4,2,33,0,0,0
13773,4591,571,11,5,4,2,47,1,0,0
2561,2561,289,8,0,0,0,28,0,1,1
4689,1563,1423,1,1,0,0,28,0,0,0
4898,4898,467,5,4,2,3,28,0,1,0
4789,4789,271,10,3,2,2,49,0,0,0
6360,3180,410,4,3,2,2,29,0,0,0
13098,6549,1083,8,8,6,7,28,0,0,0
19164,6388,516,14,0,0,0,33,1,1,0
44976,11244,495,10,5,2,0,32,0,1,0
64128,16032,1050,26,14,9,12,54,0,0,0
2362,2362,224,11,9,7,7,29,0,1,1
16328,16328,136,24,20,6,17,44,0,0,0
16752,8376,1089,9,2,0,2,39,0,1,0
33212,16606,228,23,13,12,1,46,0,0,0
17212,8606,1029,11,11,8,3,35,0,1,0
6816,2272,507,5,4,3,2,23,0,1,0
2018,2018,676,15,5,4,0,40,0,1,1
21249,7083,971,10,10,9,6,34,1,0,0
12252,4084,561,7,7,2,7,31,0,1,1
57644,14411,333,32,32,6,9,50,1,1,0
6924,2308,1440,12,11,10,7,34,1,0,0
9682,4841,1210,4,1,0,0,42,0,0,0
17140,4285,674,10,10,8,7,37,0,0,0
9715,9715,441,9,7,7,7,29,0,0,0
8640,4320,575,5,5,3,2,33,0,1,0
8528,2132,950,8,5,4,3,45,0,0,0
40496,10124,288,24,20,8,9,42,1,0,0
5473,5473,1342,9,8,4,1,40,0,0,0
15621,5207,589,15,15,14,7,33,1,0,0
65748,16437,898,21,21,7,7,40,1,1,0
2296,2296,350,2,1,1,0,24,0,0,0
16276,4069,1142,8,2,2,2,40,1,0,0
14882,7441,538,10,10,8,7,45,0,0,0
7290,2430,1402,6,5,3,2,35,0,0,0
11756,5878,824,12,7,1,5,32,0,0,0
10576,2644,1157,7,3,2,2,36,1,1,0
19317,6439,492,18,8,7,7,48,0,0,0
7353,2451,598,5,1,0,0,29,0,0,0
6392,6392,1242,8,2,2,2,33,0,0,0
9714,9714,740,10,10,8,7,30,0,0,1
18231,6077,888,10,6,3,2,38,0,0,0
2450,2450,992,3,3,0,2,35,0,1,0
18500,9250,1288,9,4,2,3,30,0,0,0
2074,2074,104,1,1,0,0,35,1,0,1
40676,10169,607,34,33,7,9,53,0,0,1
9710,4855,903,7,5,2,4,38,0,0,1
4087,4087,1200,9,6,5,2,32,0,0,0
2367,2367,1108,10,8,2,6,48,0,0,0
11888,2972,479,1,1,0,0,34,0,1,0
78344,19586,685,36,36,6,13,55,0,0,0
21936,5484,1351,9,2,2,1,34,0,0,0
8244,2061,474,1,1,0,0,26,0,0,0
19848,9924,1245,10,9,8,7,38,0,0,0
8396,4198,437,8,3,2,2,38,0,1,0
20445,6815,884,15,1,0,0,36,0,1,0
4723,4723,1370,10,10,9,5,29,1,1,0
18426,6142,670,10,5,2,4,35,1,1,0
24711,8237,1462,11,7,6,6,39,0,0,0
35412,8853,995,6,6,4,3,29,0,0,0
57993,19331,264,27,1,0,0,50,1,0,0
6219,2073,977,4,2,2,2,23,0,0,0
5562,5562,1302,9,3,2,2,36,1,0,0
78452,19613,1059,24,1,0,1,42,0,1,0
10221,3407,750,10,10,9,8,35,0,0,0
15189,5063,653,8,8,2,7,34,0,0,0
4639,4639,118,5,5,4,2,40,0,0,0
9752,4876,990,8,6,4,2,43,0,0,0
10760,2690,1349,1,1,0,1,35,0,0,0
17567,17567,563,27,26,0,12,46,0,1,0
4816,2408,329,1,1,1,0,28,1,0,1
8442,2814,457,4,4,2,3,22,1,0,0
33735,11245,1234,32,30,8,13,50,1,0,0
13248,3312,634,6,3,2,2,32,0,0,0
76196,19049,1313,23,22,7,10,44,1,0,0
4282,2141,241,6,6,4,1,30,0,0,0
5769,5769,1015,10,10,7,4,45,1,1,0
4385,4385,336,10,10,7,5,45,0,0,0
5332,5332,715,10,5,2,3,31,0,1,0
13989,4663,559,7,3,2,1,36,1,0,0
18896,4724,426,9,9,7,2,34,0,0,0
3211,3211,722,10,9,6,4,49,0,0,0
5377,5377,1387,10,7,7,7,39,0,0,0
4066,4066,1302,7,7,7,7,27,0,0,0
5208,5208,819,16,16,15,10,35,0,0,0
4877,4877,580,6,5,3,0,28,0,0,0
12468,3117,546,3,2,2,2,21,0,1,0
6276,1569,544,0,0,0,0,18,1,1,1
58974,19658,1176,27,5,2,0,47,0,0,0
9207,3069,170,11,10,8,7,39,0,0,0
31305,10435,884,18,18,15,12,40,0,0,0
12444,4148,208,15,14,11,9,35,0,0,0
17304,5768,671,9,4,3,2,37,0,0,0
15126,5042,711,10,9,2,8,39,0,1,0
23080,5770,1329,10,10,7,9,45,0,0,0
23268,7756,397,10,5,4,2,38,1,0,0
10306,10306,737,15,13,12,0,35,0,0,1
7872,3936,1470,8,8,4,7,37,0,0,0
31780,7945,448,18,4,2,3,40,1,1,0
22972,5743,602,14,10,7,2,44,1,0,0
60808,15202,365,23,2,2,2,48,0,0,0
21760,5440,763,7,2,2,2,35,1,0,1
15040,3760,567,6,6,3,3,24,1,1,0
10551,3517,486,5,3,2,2,27,0,0,0
10320,2580,591,6,4,2,2,27,0,1,0
2166,2166,1329,10,4,2,3,40,1,1,1
17607,5869,469,8,5,2,4,29,0,1,0
8008,8008,711,9,3,2,2,36,0,0,0
15618,5206,772,7,7,7,7,25,0,0,0
10590,5295,492,7,5,4,0,39,0,0,0
32826,16413,301,27,4,2,2,49,0,0,0
13269,13269,813,19,14,11,11,50,0,0,0
8349,2783,1141,2,2,2,2,20,0,1,0
10866,5433,1130,11,11,8,9,34,0,0,0
4026,2013,311,15,4,3,3,36,0,1,0
41898,13966,465,30,15,11,12,49,1,0,0
13122,4374,894,4,3,2,2,36,0,0,0
6842,6842,1040,13,5,4,4,36,0,0,0
52278,17426,584,36,10,8,7,54,0,0,0
52809,17603,1291,14,14,10,11,43,0,0,0
18324,4581,880,13,11,9,7,35,1,1,1
18940,4735,1189,19,13,11,9,38,0,0,0
8374,4187,991,10,10,0,9,29,1,0,0
22020,5505,392,6,6,2,4,33,0,0,0
10940,5470,977,10,9,5,6,32,0,0,0
21904,5476,1112,10,10,0,2,31,0,0,0
2587,2587,464,17,2,2,2,49,1,0,0
4880,2440,148,4,4,3,3,38,0,1,0
31944,15972,1225,29,3,2,2,47,0,0,0
46137,15379,809,23,8,7,0,49,0,1,0
21246,7082,1206,21,2,0,2,41,1,1,0
2728,2728,727,2,2,2,2,20,0,1,0
21472,5368,530,7,6,5,2,33,1,0,0
16041,5347,1351,10,3,2,2,36,0,0,0
12780,3195,528,8,2,2,2,44,1,0,0
11967,3989,1320,5,5,4,2,23,1,1,1
9918,3306,1495,7,0,0,0,38,0,0,0
28020,7005,1395,11,4,3,2,53,0,0,0
7965,2655,708,19,9,7,7,48,1,0,1
2786,1393,1259,1,1,0,0,32,0,1,1
10280,2570,786,7,7,7,7,26,0,1,0
7074,3537,1441,8,4,2,2,55,0,0,0
15944,3986,1157,15,15,10,13,34,0,0,0
43532,10883,370,19,1,0,0,60,0,0,0
4056,2028,267,14,14,11,13,33,0,0,0
38100,9525,1278,6,6,3,3,37,0,0,0
11716,2929,678,10,10,9,7,34,0,0,0
9100,2275,427,3,3,2,2,23,1,0,1
31516,7879,921,9,8,7,7,44,1,0,0
19720,4930,146,6,5,4,4,35,1,1,0
31388,7847,1179,10,10,9,8,43,1,0,0
13203,4401,581,5,5,3,4,24,0,0,0
27723,9241,918,10,10,8,7,41,0,1,0
8922,2974,1082,9,5,3,2,29,0,0,0
18008,4502,530,17,13,7,7,36,0,1,0
32244,10748,1238,25,23,15,4,45,0,0,0
4665,1555,240,1,1,0,0,24,0,0,1
38808,12936,1093,25,23,5,10,47,0,0,1
6915,2305,390,3,3,2,2,26,0,0,0
33408,16704,1005,21,21,6,6,45,0,1,0
10299,3433,585,10,5,2,3,32,0,0,0
10431,3477,741,6,5,2,3,31,0,0,0
12860,6430,552,10,3,2,2,41,0,0,0
6516,6516,369,18,1,0,0,40,1,0,0
3907,3907,506,6,6,2,2,24,0,0,0
11124,5562,717,19,10,7,9,46,0,1,0
20649,6883,1370,17,7,7,7,35,0,0,0
11448,2862,793,10,10,0,8,30,0,0,0
9956,4978,543,4,1,0,0,47,0,0,0
41472,10368,1277,13,10,6,3,46,1,0,0
6134,6134,1456,16,2,2,2,36,1,0,1
13470,6735,964,10,0,0,0,32,0,1,1
6590,3295,160,3,3,2,2,23,0,1,0
20952,5238,163,9,5,4,4,31,0,1,0
25888,6472,792,9,9,8,8,39,1,0,0
28830,9610,371,10,4,3,2,32,0,0,0
39666,19833,611,21,21,8,8,40,0,1,0
29268,9756,176,9,5,0,3,45,0,0,0
4968,4968,1312,10,9,7,7,30,0,1,0
8580,2145,897,3,2,2,1,24,0,0,0
8720,2180,600,6,4,2,2,30,0,0,1
25038,8346,1003,6,5,2,2,31,0,0,0
13780,3445,1054,6,6,2,4,27,0,1,0
5520,2760,428,2,2,2,2,29,0,1,1
18882,6294,461,10,3,2,2,29,1,1,0
7140,7140,979,12,7,7,7,30,0,0,0
11728,2932,181,6,5,0,2,34,1,0,0
10294,5147,1283,13,11,7,7,33,0,1,0
18028,4507,1313,8,5,1,4,49,0,1,0
8564,8564,211,11,0,0,0,33,1,1,1
4936,2468,594,9,6,1,5,38,0,0,0
24483,8161,1079,10,1,0,0,31,0,0,1
2109,2109,590,1,1,0,0,29,0,0,0
15882,5294,305,10,7,0,7,30,0,0,0
5436,2718,953,12,7,7,7,32,0,1,0
23244,5811,833,15,1,0,0,38,1,0,0
7311,2437,807,6,1,0,0,43,1,0,1
5532,2766,855,7,5,3,4,42,0,0,0
19038,19038,478,34,1,0,0,55,0,0,0
6110,3055,775,11,9,8,7,33,0,0,0
2289,2289,548,5,5,3,4,41,0,0,0
12003,4001,1375,15,15,14,7,34,1,0,0
38895,12965,661,27,3,2,2,53,1,0,0
14156,3539,244,10,9,7,8,43,0,1,0
24116,6029,511,6,2,2,2,34,0,1,0
5358,2679,337,1,1,0,0,21,0,1,1
11106,3702,1153,5,5,4,4,38,0,0,0
2398,2398,1294,1,1,0,0,22,1,0,1
21872,5468,196,13,12,7,7,31,0,0,0
39348,13116,942,15,2,2,2,51,0,0,0
8378,4189,589,5,5,2,3,37,0,0,0
77312,19328,734,24,2,1,2,46,1,0,0
8321,8321,1383,15,12,8,7,36,1,0,0
4684,2342,429,6,5,3,3,44,1,0,1
8142,4071,1239,19,10,0,7,37,0,0,0
23252,5813,303,10,10,7,7,35,1,1,1
3143,3143,867,14,10,8,6,33,0,0,0
8176,2044,1181,5,5,3,3,28,0,0,0
40392,13464,1253,9,4,3,2,39,0,1,0
15982,7991,849,6,2,2,2,46,0,1,0
3377,3377,616,7,4,3,2,40,0,0,0
5538,5538,1128,10,0,0,0,42,0,0,0
23048,5762,1180,15,7,7,7,35,0,0,0
5184,2592,1336,13,11,10,8,38,0,0,0
5346,5346,234,11,7,1,7,34,0,0,1
4213,4213,370,10,10,3,8,37,0,1,1
16508,4127,766,7,2,1,2,39,0,0,0
7314,2438,343,7,3,2,2,43,0,1,0
13740,6870,447,11,3,2,2,41,0,1,0
31341,10447,796,23,22,14,5,41,1,0,0
29001,9667,1092,9,7,7,2,30,0,1,0
4296,2148,920,6,5,1,4,26,1,0,1
17852,8926,261,13,9,7,7,46,0,0,1
26052,6513,1194,12,5,3,3,40,0,0,0
20397,6799,810,10,10,8,8,34,0,0,0
32582,16291,350,37,16,9,14,58,0,0,0
8115,2705,185,6,5,4,3,35,0,0,0
20666,10333,1001,28,22,11,10,47,1,0,0
4448,4448,750,15,7,4,7,40,0,0,0
27416,6854,431,14,7,1,7,54,0,0,0
9637,9637,1125,9,3,2,2,31,0,0,0
3591,3591,1217,3,3,2,2,28,0,0,0
21620,5405,723,20,4,2,3,38,1,0,0
18736,4684,572,5,5,3,2,26,0,1,0
47361,15787,1216,23,2,2,2,58,1,0,0
4542,1514,1431,0,0,0,0,18,0,1,0
2956,2956,359,2,1,0,0,31,0,0,1
2335,2335,350,4,2,2,0,29,1,0,1
15462,5154,589,10,8,7,7,45,0,0,0
13924,6962,430,15,1,0,0,36,1,0,0
22700,5675,1422,7,7,7,7,43,0,0,0
9516,2379,1297,6,5,4,2,27,1,1,0
15248,3812,574,11,11,8,10,29,0,0,0
18592,4648,1318,4,0,0,0,32,0,1,0
8808,2936,355,10,6,3,3,42,0,0,0
6315,2105,207,7,2,2,0,47,0,1,0
34312,8578,706,12,9,8,7,46,0,0,0
10824,2706,280,3,3,2,2,28,0,0,0
19152,6384,726,11,7,0,6,29,0,0,0
11904,3968,1142,8,0,0,0,42,0,1,0
19814,9907,414,7,2,2,2,32,1,1,1
13225,13225,1319,25,19,17,8,46,0,0,0
10620,3540,728,9,9,8,8,27,0,0,0
5608,2804,352,1,1,0,0,29,0,0,0
58176,19392,823,21,16,12,14,43,0,0,0
39330,19665,1224,29,22,10,9,48,0,0,0
9756,2439,459,1,1,0,0,29,1,1,1
14628,7314,1254,14,8,7,7,46,0,0,1
4774,4774,1131,8,7,6,3,27,0,0,0
15608,3902,835,7,2,2,2,39,0,0,0
10648,2662,836,19,5,2,4,55,0,0,0
5712,2856,1172,1,1,0,0,28,0,0,0
4324,1081,945,1,1,0,0,30,0,1,1
4944,2472,391,1,1,0,0,22,1,1,1
17019,5673,1266,10,10,9,7,36,1,0,0
12591,4197,311,10,10,8,2,31,0,0,0
38852,9713,1480,9,5,3,0,34,1,0,0
2062,2062,592,11,3,2,2,29,0,1,0
4284,4284,783,16,5,3,4,37,1,0,0
9576,4788,219,4,3,2,2,35,1,0,0
23624,5906,556,10,9,8,8,45,0,0,0
15544,3886,1213,10,10,1,8,36,0,1,0
16823,16823,1137,22,19,7,16,40,0,0,0
8799,2933,482,1,1,0,0,26,1,0,0
19500,6500,511,9,8,7,7,27,0,1,0
68696,17174,117,24,22,17,7,48,0,0,0
5033,5033,170,10,2,0,2,44,0,0,0
2307,2307,967,5,5,2,0,34,1,0,1
10348,2587,1162,5,4,2,0,56,0,1,1
11014,5507,335,12,4,2,3,36,0,0,0
8786,4393,337,14,5,4,4,41,0,0,0
13348,13348,1396,18,13,7,7,42,0,0,0
26332,6583,1079,8,5,2,4,31,1,0,0
32412,8103,735,9,4,2,1,34,1,0,0
11934,3978,471,4,2,2,2,31,0,0,0
10176,2544,1096,8,7,7,7,26,0,0,0
16197,5399,1297,12,4,2,3,45,0,1,0
16461,5487,217,10,10,4,9,33,0,1,0
27336,6834,783,7,7,7,7,28,1,0,0
1091,1091,746,1,1,0,0,29,0,1,1
17208,5736,1251,10,3,2,2,39,0,0,0
4452,2226,1354,6,5,3,2,27,0,0,0
22988,5747,735,16,15,10,11,34,1,0,0
29562,9854,1475,6,2,0,2,28,1,1,1
10934,5467,1169,16,8,7,7,47,0,0,0
5380,5380,1443,6,0,0,0,56,0,0,0
5151,5151,867,10,10,0,9,39,0,0,0
4266,2133,1394,20,20,11,7,38,1,0,0
71500,17875,605,29,1,0,0,58,1,0,0
7296,2432,238,8,4,1,3,32,1,1,1
19084,4771,1206,10,5,2,3,38,0,0,0
76644,19161,1064,28,5,4,3,49,0,0,0
20348,5087,419,14,0,0,0,42,1,0,0
5726,2863,1337,1,1,0,0,27,0,0,1
5561,5561,682,6,5,3,4,35,0,0,0
6432,2144,1103,5,5,3,4,28,0,1,0
3065,3065,976,4,4,2,3,31,1,0,0
5620,2810,1351,5,5,4,2,36,0,0,0
39552,9888,937,14,14,8,1,34,0,1,0
25884,8628,1239,9,8,7,1,34,0,0,0
2867,2867,157,8,7,7,6,26,0,1,0
5373,5373,136,6,5,3,2,29,0,0,0
26668,6667,1146,9,5,1,2,32,0,0,0
5003,5003,1125,10,10,8,7,31,0,0,0
9468,2367,1404,6,4,1,3,28,0,0,1
2858,2858,1404,20,1,0,0,38,0,1,0
20816,5204,1224,10,10,8,9,35,1,0,0
16420,4105,954,7,7,7,7,27,0,1,0
38716,9679,1373,8,1,0,0,32,0,1,0
22468,5617,754,10,10,7,8,31,1,0,1
10448,10448,1168,15,2,2,2,53,1,1,1
8691,2897,155,9,4,3,3,54,0,0,0
17904,5968,1303,9,9,7,8,33,0,0,0
22530,7510,574,10,10,9,9,43,0,0,0
5982,2991,1444,7,6,2,2,38,1,0,0
39272,19636,189,35,10,9,4,55,1,0,0
4516,1129,1276,1,1,0,0,31,1,0,0
13341,13341,119,21,20,8,10,39,0,1,0
12996,4332,335,20,20,9,7,42,0,1,0
33093,11031,697,13,11,7,8,31,0,0,0
4440,4440,157,9,5,2,4,54,1,1,0
13851,4617,771,4,4,3,2,24,0,1,0
10588,2647,571,5,5,2,4,23,0,1,0
18969,6323,692,10,10,9,4,40,0,0,0
11354,5677,444,15,11,8,10,40,0,0,0
4374,2187,309,6,2,0,2,25,0,0,0
7496,3748,911,12,12,8,7,30,0,0,0
11931,3977,977,7,2,2,2,25,1,0,0
25899,8633,1180,25,17,14,11,47,0,1,0
6024,2008,1313,1,1,1,0,33,0,0,0
8880,4440,1321,16,15,13,8,38,0,0,0
9201,3067,1154,3,2,2,2,31,0,0,0
15963,5321,508,10,8,3,7,38,0,0,0
5410,5410,557,9,4,3,2,42,1,0,0
11128,2782,642,12,5,3,0,41,0,0,0
23914,11957,1162,14,13,8,12,47,0,0,0
7980,2660,1490,5,2,2,2,35,1,0,0
10125,3375,581,4,3,2,2,22,0,1,0
15294,5098,1395,10,10,7,8,35,0,1,0
19512,4878,501,10,9,7,1,33,1,0,0
5674,2837,267,6,6,2,1,32,0,1,0
9624,2406,543,8,1,0,0,40,0,0,0
4538,2269,234,3,2,2,2,32,0,0,0
16432,4108,116,18,7,7,7,39,0,1,0
39618,13206,201,20,18,16,11,38,0,0,0
41688,10422,801,14,14,10,7,32,0,0,0
54976,13744,161,16,16,11,8,37,1,0,0
14721,4907,1382,6,5,3,4,25,1,0,0
13928,3482,585,16,9,8,0,52,0,0,0
9744,2436,1037,6,4,3,2,44,1,1,0
2380,2380,501,2,2,2,2,21,1,1,0
77724,19431,105,21,6,0,3,39,0,1,0
1790,1790,638,1,1,0,0,23,0,0,1
30576,7644,557,10,9,7,4,36,0,0,0
10262,5131,688,18,4,2,2,36,0,0,0
18918,6306,667,13,13,12,9,56,0,0,0
19148,4787,1092,4,2,2,2,29,1,0,1
56640,18880,300,24,22,6,14,42,0,0,0
7017,2339,310,14,10,9,8,56,0,0,1
27140,13570,582,21,20,7,10,41,0,0,0
20136,6712,704,8,8,7,7,34,0,0,0
21624,5406,301,15,15,12,11,36,0,0,0
17876,8938,930,14,5,4,4,41,0,0,0
2439,2439,529,4,4,2,2,32,0,1,0
35348,8837,1146,9,9,0,7,35,1,1,0
21372,5343,345,10,10,7,9,38,0,0,0
20184,6728,878,12,6,3,1,50,0,0,1
26608,6652,1120,8,6,3,0,36,0,0,0
14550,4850,374,8,5,3,1,45,0,1,0
8427,2809,1322,8,2,2,2,40,0,1,0
17067,5689,1199,10,10,2,2,35,1,0,0
6003,2001,1194,20,5,3,2,40,0,0,0
11908,2977,287,4,4,3,1,35,0,0,0
8050,4025,1378,10,4,3,3,29,1,0,0
3785,3785,468,5,5,4,4,29,0,1,0
10854,10854,410,20,3,2,0,50,1,0,1
48124,12031,722,21,20,9,6,39,0,0,0
9936,9936,325,10,9,4,7,31,0,1,0
8898,2966,1167,5,4,2,0,26,0,1,0
10284,2571,884,17,5,2,3,36,0,0,0
9991,9991,613,9,7,7,7,39,0,0,0
12284,6142,155,6,6,2,3,27,1,0,0
10780,5390,1023,17,9,6,8,49,0,0,0
13212,4404,628,6,4,3,2,34,0,0,0
